feat,model,nf,R2,RMSE,fold_sd
[1사이클] RF3+순서,Ridge(a=0.1),4,0.8553638151647743,0.15049298773322664,0.03376322851567986
[1사이클] RF3+순서,RidgeCV,4,0.8547598957277306,0.1508068475264838,0.03484558675150815
[1사이클] RF3+순서,LassoCV,4,0.8550873557942016,0.15063674613821817,0.03373428613604774
[1사이클] RF3+순서,ElasticNetCV,4,0.8550770851061975,0.1506420842355855,0.03380821587125508
[1사이클] RF3+순서,PLS(k=1),4,0.8025092730835962,0.17585354989227872,0.03217640830587007
[1사이클] RF3+순서,PLS(k=2),4,0.7972759614686726,0.17816828933694662,0.04284480550858875
[1사이클] RF3+순서,PLS(k=3),4,0.8224279776293715,0.16674969797188413,0.04415954818412798
[1사이클] RF3+순서,GPR-RBF,4,0.8624347189873888,0.146768280218177,0.05009544349174814
[1사이클] RF3+순서,GPR-Matern,4,0.8775111671005446,0.13849242946316653,0.04960907647690182
[1사이클] RF3+순서,SVR-RBF,4,0.8334552416213687,0.16148912073087643,0.0510173885312142
[1사이클] RF3+순서,RandomForest,4,0.8479973332010253,0.15427778296239966,0.046983999062198974
[1사이클] RF3+순서,GBR,4,0.837687066464285,0.15942423768097871,0.055946062353633856
[1사이클] RF3+순서,"MLP(32,16)",4,-6.311809712736271,1.070015886688515,0.4951865285082385
[1사이클] RF3만,Ridge(a=0.1),3,-0.035382285496703414,0.40265041464891166,0.08968835521831071
[1사이클] RF3만,RidgeCV,3,-0.022299002232115006,0.4000983441182421,0.08621133591306354
[1사이클] RF3만,LassoCV,3,-0.035520883366139566,0.40267736344981303,0.0860921213154031
[1사이클] RF3만,ElasticNetCV,3,-0.035275997068610065,0.4026297468344017,0.08608014038229632
[1사이클] RF3만,PLS(k=1),3,-0.013577380774155268,0.39838799284626436,0.08146576322194883
[1사이클] RF3만,PLS(k=2),3,-0.024274225161020402,0.4004846802369015,0.085928350543003
[1사이클] RF3만,PLS(k=3),3,-0.03571625132908829,0.4027153474959238,0.08977303375543974
[1사이클] RF3만,GPR-RBF,3,0.1429529413586237,0.36633643932740895,0.08349860788447015
[1사이클] RF3만,GPR-Matern,3,0.133009629704414,0.36845539709101216,0.08502878047311516
[1사이클] RF3만,SVR-RBF,3,-0.25960875116398774,0.44411518243770465,0.06788719407567985
[1사이클] RF3만,RandomForest,3,0.029187894845822626,0.3898929451477988,0.08675048420400584
[1사이클] RF3만,GBR,3,-0.29500912942752744,0.4503127053611028,0.09531764069205213
[1사이클] RF3만,"MLP(32,16)",3,-13.894668176738515,1.5271904574681883,0.8695849913593456
[전공정] RF3+순서,Ridge(a=0.1),4,0.8867118637291754,0.1331895039997156,0.026970243877377443
[전공정] RF3+순서,RidgeCV,4,0.8865789210744766,0.13326762945592963,0.02638960199297399
[전공정] RF3+순서,LassoCV,4,0.886264571506984,0.133452179081095,0.026804763666895094
[전공정] RF3+순서,ElasticNetCV,4,0.8858882516888321,0.13367277536902678,0.026702535521776073
[전공정] RF3+순서,PLS(k=1),4,0.765137946820632,0.1917715648572325,0.0415797891467354
[전공정] RF3+순서,PLS(k=2),4,0.8674440224810189,0.14407128968548266,0.03793645831170077
[전공정] RF3+순서,PLS(k=3),4,0.8949644871428488,0.12824660162333631,0.025004433330183144
[전공정] RF3+순서,GPR-RBF,4,0.9021762452635159,0.12376559943712474,0.03776978428855066
[전공정] RF3+순서,GPR-Matern,4,0.9057975765862598,0.12145316121618199,0.03833335642381776
[전공정] RF3+순서,SVR-RBF,4,0.8603376225398885,0.14788274415672145,0.04473275756614766
[전공정] RF3+순서,RandomForest,4,0.8329744089936565,0.1617220709430504,0.04532001652028652
[전공정] RF3+순서,GBR,4,0.8396785421850769,0.15844320258919745,0.05041675822559987
[전공정] RF3+순서,"MLP(32,16)",4,-173.64496653902367,5.2294476785040676,4.390665465681255
[전공정] RF3만,Ridge(a=0.1),3,0.7697026765873572,0.18989880454110195,0.04332109076452096
[전공정] RF3만,RidgeCV,3,0.7678116357606286,0.19067686877444387,0.04444613198793376
[전공정] RF3만,LassoCV,3,0.7682454381062841,0.1904986627209651,0.04419381740967
[전공정] RF3만,ElasticNetCV,3,0.7680291511849779,0.19058753424155955,0.044325935492739575
[전공정] RF3만,PLS(k=1),3,0.5732988684398976,0.2584875812850015,0.08792762884694567
[전공정] RF3만,PLS(k=2),3,0.6452312258477755,0.23569505949351896,0.10573447979866456
[전공정] RF3만,PLS(k=3),3,0.7698589439549418,0.18983436605453166,0.043218620020414364
[전공정] RF3만,GPR-RBF,3,0.838860304618736,0.1588470137377028,0.030259278159516702
[전공정] RF3만,GPR-Matern,3,0.8398587245886665,0.15835414182555713,0.03232564367502271
[전공정] RF3만,SVR-RBF,3,0.7824272879340068,0.18457802647611524,0.04053936008423033
[전공정] RF3만,RandomForest,3,0.7292573775895211,0.20589988359837189,0.038093652919407445
[전공정] RF3만,GBR,3,0.7374856015711803,0.20274695941187718,0.04573946206872447
[전공정] RF3만,"MLP(32,16)",3,-455.92351306064614,8.458620471747466,7.272691740767233
[전공정] 전체27+순서,Ridge(a=0.1),28,-1.778825788532707,0.6596422218432338,0.5502476801827254
[전공정] 전체27+순서,RidgeCV,28,-0.9128423356571527,0.547289823880065,0.44399691651329576
[전공정] 전체27+순서,LassoCV,28,0.9325415294364646,0.10277702225501036,0.02035390569750753
[전공정] 전체27+순서,ElasticNetCV,28,0.9320620343743754,0.10314164519707882,0.020498373032132977
[전공정] 전체27+순서,PLS(k=1),28,-16.202423809327648,1.6412419426283955,1.395925207666341
[전공정] 전체27+순서,PLS(k=2),28,-12.209031791366629,1.4381801101841607,1.2192950031990624
[전공정] 전체27+순서,PLS(k=3),28,-0.05842853770202172,0.4071069869318346,0.301988854508368
[전공정] 전체27+순서,PLS(k=5),28,0.8658508049403614,0.14493451483505895,0.05903772037989951
[전공정] 전체27+순서,PLS(k=8),28,-6.695861570320198,1.0977574903502951,0.9386627146280488
[전공정] 전체27+순서,GPR-RBF,28,0.8615910364829571,0.14721765434270984,0.048153534932880784
[전공정] 전체27+순서,GPR-Matern,28,0.9164141413495516,0.11440478508612534,0.042301282170085115
[전공정] 전체27+순서,SVR-RBF,28,0.859946541588169,0.14808964917780013,0.03895477378747422
[전공정] 전체27+순서,RandomForest,28,0.8260538632217664,0.16503846642490239,0.03646059916406378
[전공정] 전체27+순서,GBR,28,0.8705424025959558,0.14237756358631637,0.03917540567260204
[전공정] 전체27+순서,"MLP(32,16)",28,-357124.7728968176,236.47671411650293,208.32561502072895
[기준] 순서만,Ridge,1,0.7018972347920017,0.21605324213588648,0.034854376437587806
