gn,lot,wafer,nsamp,PlatenRFTuningCapacitor,SourceRFReflectedPower,SourceRFPeakToPeak,depth,pred,h,sd,resid,z,pred_full
Day_2024_07_02_Wafer_01,1,1,24,31.078142,235.34985,3178.7126,44.687901,44.764225,0.11265243,0.15874353,-0.076324312,-0.48080268,44.767591
Day_2024_07_02_Wafer_02,1,2,39,31.311596,240.29649,3190.1152,44.438852,44.342773,0.0184827,0.15187738,0.096078734,0.63260727,44.343712
Day_2024_07_02_Wafer_03,1,3,24,31.2493,237.64128,3183.2649,44.552597,44.359635,0.029707228,0.15271199,0.19296141,1.2635642,44.362075
Day_2024_07_02_Wafer_04,1,4,24,31.477045,232.52179,3175.4316,44.31397,44.365311,0.040497545,0.15351004,-0.051341017,-0.33444728,44.367698
Day_2024_07_02_Wafer_05,1,5,39,31.45746,238.39415,3185.2639,43.843354,44.006813,0.0032912033,0.15074044,-0.1634587,-1.084372,44.008438
Day_2024_07_02_Wafer_06,1,6,24,31.509979,236.65198,3178.668,44.00098,43.985802,0.015928815,0.15168684,0.015177961,0.10006116,43.988614
Day_2024_07_02_Wafer_08,1,8,39,31.463095,237.58347,3185.6433,43.521185,43.602958,0.014208702,0.15155837,-0.081772848,-0.53954689,43.604805
Day_2024_07_02_Wafer_09,1,9,24,31.291647,225.19862,3176.1758,43.762161,43.802663,0.070569844,0.1557126,-0.04050237,-0.26010977,43.804729
Day_2024_07_02_Wafer_10,1,10,24,31.412956,233.26442,3177.3074,43.707078,43.525684,0.045055269,0.15384589,0.18139358,1.1790603,43.529125
Day_2024_07_05_Wafer_01,2,1,23,30.949352,227.33371,3183.4651,44.610999,44.850782,0.10413389,0.15813468,-0.23978302,-1.5163215,44.814966
Day_2024_07_05_Wafer_02,2,2,24,31.306015,235.08662,3188.2434,44.608287,44.450455,0.017567187,0.1518091,0.15783122,1.039669,44.437801
Day_2024_07_05_Wafer_03,2,3,24,31.334753,236.64941,3186.7297,44.358109,44.313932,0.0097006101,0.15122116,0.04417682,0.29213384,44.301758
Day_2024_07_05_Wafer_04,2,4,39,31.37639,244.52917,3193.3979,43.842116,43.951334,0.026724677,0.15249067,-0.10921868,-0.71623188,43.956248
Day_2024_07_05_Wafer_05,2,5,24,31.283636,235.75676,3183.1504,43.963178,44.127636,0.012332576,0.15141813,-0.16445892,-1.0861244,44.108989
Day_2024_07_05_Wafer_06,2,6,24,31.291519,238.06981,3181.491,43.835737,43.988575,0.023488089,0.15225013,-0.1528378,-1.0038599,43.97036
Day_2024_07_05_Wafer_07,2,7,24,31.546982,234.60979,3185.7761,43.71951,43.766287,0.007850678,0.15108257,-0.046777235,-0.30961371,43.757317
Day_2024_07_05_Wafer_08,2,8,39,31.463173,241.68312,3190.5459,43.38643,43.475468,0.033366239,0.15298308,-0.08903728,-0.58200737,43.477018
Day_2024_07_05_Wafer_09,2,9,23,31.169882,221.85364,3179.77,43.611349,43.851038,0.094323661,0.1574306,-0.23968847,-1.5225024,43.812509
Day_2024_07_05_Wafer_10,2,10,24,31.295206,235.00142,3180.5247,43.529724,43.502161,0.043087542,0.15370098,0.027562806,0.17932745,43.48049
Day_2024_07_09_Wafer_01,3,1,24,31.072676,234.04646,3185.821,44.580282,44.66106,0.053996496,0.15450262,-0.080777607,-0.52282354,44.671294
Day_2024_07_09_Wafer_02,3,2,39,31.388754,241.72301,3197.0684,44.29896,44.190948,0.034108787,0.15303803,0.10801172,0.70578353,44.200192
Day_2024_07_09_Wafer_03,3,3,24,31.279566,233.41193,3188.9109,44.569119,44.304542,0.013017678,0.15146936,0.26457717,1.7467373,44.317359
Day_2024_07_09_Wafer_04,3,4,24,31.283381,233.57469,3188.1096,44.375321,44.179056,0.0072000495,0.15103379,0.1962655,1.2994807,44.191951
Day_2024_07_09_Wafer_05,3,5,45,34.43668,225.17099,3141.4121,44.279802,44.261596,0.1453349,0.16105808,0.018206573,0.11304353,44.268533
Day_2024_07_09_Wafer_06,3,6,24,31.410158,235.37909,3184.8479,44.017522,43.914127,0.0021485466,0.15065457,0.1033952,0.68630643,43.925689
Day_2024_07_09_Wafer_07,3,7,23,31.179037,229.65445,3187.061,43.902173,43.854246,0.02335167,0.15223998,0.047927386,0.31481472,43.870851
Day_2024_07_09_Wafer_08,3,8,24,31.329412,234.95056,3185.929,43.822109,43.645977,0.013013275,0.15146903,0.1761322,1.1628265,43.659032
Day_2024_07_09_Wafer_09,3,9,24,31.490271,232.23567,3177.3584,43.746327,43.647916,0.030159506,0.15274553,0.09841052,0.64427759,43.660681
Day_2024_07_09_Wafer_10,3,10,24,31.871496,239.48637,3181.5994,43.293035,43.283403,0.049203565,0.15415093,0.0096319416,0.062483838,43.293227
Day_2024_07_11_Wafer_01,4,1,24,31.162577,235.99074,3188.1924,44.611875,44.573324,0.035155327,0.15311545,0.038551774,0.25178239,44.591898
Day_2024_07_11_Wafer_02,4,2,24,31.288849,235.72115,3188.968,44.673025,44.407383,0.016554691,0.15173356,0.2656421,1.7507143,44.422019
Day_2024_07_11_Wafer_03,4,3,44,34.032578,221.05597,3154.0742,44.62099,44.45813,0.19450144,0.16447868,0.1628602,0.99015998,44.468826
Day_2024_07_11_Wafer_04,4,4,24,31.342255,239.20662,3187.207,44.29751,44.11956,0.0071351146,0.15102893,0.17795059,1.178255,44.126219
Day_2024_07_11_Wafer_05,4,5,45,34.427795,221.96519,3136.835,44.231356,44.378374,0.15394182,0.1616621,-0.14701808,-0.90941589,44.38207
Day_2024_07_11_Wafer_06,4,6,24,31.397697,237.03345,3186.7429,43.95273,43.878287,0.0021467191,0.15065443,0.07444377,0.49413593,43.877959
Day_2024_07_11_Wafer_07,4,7,39,31.464264,243.39999,3191.657,43.530248,43.579467,0.033621153,0.15300195,-0.0492182,-0.32168349,43.57372
Day_2024_07_11_Wafer_08,4,8,39,31.420366,241.30751,3191.5708,43.455853,43.482755,0.033205232,0.15297116,-0.026901794,-0.17586187,43.47385
Day_2024_07_11_Wafer_09,4,9,24,31.845428,231.13066,3179.3933,43.265027,43.580875,0.028215402,0.15260133,-0.31584814,-2.0697601,43.570322
Day_2024_07_11_Wafer_10,4,10,44,33.987564,222.64502,3144.4092,43.74058,43.678915,0.1388959,0.16060471,0.061664464,0.38395178,43.664511
Day_2024_07_19_Wafer_01,5,1,45,34.347359,245.98598,3144.8982,44.631131,44.532113,0.23914568,0.16752416,0.099018002,0.591067,44.520333
Day_2024_07_19_Wafer_02,5,2,23,31.519253,238.66536,3194.9695,44.034883,44.263662,0.032966916,0.15295352,-0.22877875,-1.4957404,44.244467
Day_2024_07_19_Wafer_03,5,3,24,31.291391,239.58936,3189.5276,44.172344,44.244703,0.010627829,0.15129058,-0.072358973,-0.47827811,44.230272
Day_2024_07_19_Wafer_04,5,4,39,31.410116,242.5204,3193.2063,43.669233,43.999472,0.018882884,0.15190721,-0.33023901,-2.1739521,43.976877
Day_2024_07_19_Wafer_05,5,5,24,31.22374,238.92686,3189.5723,43.816219,43.998299,0.0045991426,0.15083866,-0.18207986,-1.2071166,43.980325
Day_2024_07_19_Wafer_06,5,6,24,31.378241,235.37146,3191.8293,43.687042,43.843623,0.012921146,0.15146214,-0.1565817,-1.0338009,43.821019
Day_2024_07_19_Wafer_07,5,7,24,31.291901,238.52251,3183.551,43.585294,43.814652,0.017871984,0.15183184,-0.22935771,-1.5106036,43.796561
Day_2024_07_19_Wafer_08,5,8,24,31.296225,234.75603,3190.6912,43.527858,43.6172,0.020948861,0.15206115,-0.089341819,-0.58753877,43.592223
Day_2024_07_19_Wafer_09,5,9,45,34.336647,228.13605,3138.4895,43.591348,43.77455,0.13351644,0.16022496,-0.18320176,-1.1434034,43.757508
Day_2024_07_19_Wafer_10,5,10,24,31.258459,238.26817,3179.9014,43.384457,43.479562,0.05878282,0.15485303,-0.09510422,-0.61415796,43.458194
Day_2024_08_01_Wafer_01,6,1,39,31.335226,252.66745,3199.4275,44.109642,44.187784,0.10820386,0.15842587,-0.078142684,-0.49324447,44.176125
Day_2024_08_01_Wafer_02,6,2,24,31.38015,236.67104,3193.0818,44.549206,44.316683,0.020006587,0.15199096,0.23252309,1.5298482,44.326651
Day_2024_08_01_Wafer_03,6,3,24,31.347723,235.23796,3191.4094,44.424345,44.231494,0.011514965,0.15135697,0.19285064,1.2741444,44.241742
Day_2024_08_01_Wafer_04,6,4,24,31.278549,234.42668,3188.5613,44.250533,44.16569,0.0054561395,0.15090298,0.084842914,0.56223483,44.1754
Day_2024_08_01_Wafer_05,6,5,24,31.342382,239.05022,3190.9199,44.047646,43.932865,0.0049390869,0.15086418,0.11478151,0.76082681,43.933535
Day_2024_08_01_Wafer_06,6,6,39,31.421305,244.6129,3197.9719,43.585813,43.612237,0.055388637,0.15460462,-0.026423567,-0.17091059,43.602514
Day_2024_08_01_Wafer_07,6,7,39,31.415592,243.66682,3194.4897,43.297389,43.545468,0.041955584,0.15361756,-0.24807905,-1.6149133,43.535154
Day_2024_08_01_Wafer_08,6,8,24,31.244339,235.95894,3186.1133,43.647896,43.661254,0.014670815,0.1515929,-0.013358383,-0.088120113,43.660964
Day_2024_08_01_Wafer_09,6,9,24,31.533503,233.0813,3186.5203,43.555248,43.494875,0.031352814,0.15283397,0.060373075,0.39502393,43.495847
Day_2024_08_01_Wafer_10,6,10,24,31.319113,231.86946,3181.9871,43.523591,43.488823,0.038788121,0.15338389,0.034768246,0.22667469,43.490369
Day_2024_08_05_Wafer_01,7,1,23,30.444469,233.60591,3205.5911,44.152675,44.513396,0.058920326,0.15486309,-0.36072114,-2.3292907,44.488015
Day_2024_08_05_Wafer_02,7,2,24,31.127228,236.74861,3194.1436,44.432794,44.374202,0.017383088,0.15179537,0.058592702,0.38599795,44.359614
Day_2024_08_05_Wafer_03,7,3,39,31.32748,244.97285,3201.509,44.010553,43.971934,0.057514551,0.15476026,0.038618583,0.24953812,43.96696
Day_2024_08_05_Wafer_04,7,4,24,31.191568,238.81879,3197.7361,44.075883,44.00339,0.018519445,0.15188012,0.072492678,0.47730196,43.993525
Day_2024_08_05_Wafer_05,7,5,24,31.394135,234.62248,3187.7473,43.867166,44.036952,0.0023645366,0.15067081,-0.16978524,-1.1268622,44.027338
Day_2024_08_05_Wafer_06,7,6,24,31.313896,237.39714,3188.1096,43.688197,43.874411,0.0030123465,0.15071949,-0.18621468,-1.235505,43.868622
Day_2024_08_07_Wafer_01,8,1,39,31.303379,252.41782,3197.0723,44.066565,44.216295,0.10301552,0.15805458,-0.14972995,-0.94733067,44.223054
Day_2024_08_07_Wafer_02,8,2,38,31.204613,227.02397,3210.7961,44.219956,44.245334,0.25205436,0.16839448,-0.025378051,-0.15070595,44.196781
Day_2024_08_07_Wafer_03,8,3,39,31.348532,241.70032,3201.2,44.040444,44.015468,0.051880461,0.15434745,0.024976082,0.16181726,44.007325
Day_2024_08_07_Wafer_04,8,4,24,31.261637,235.51262,3190.0554,44.147229,44.144453,0.0043197016,0.15081768,0.0027760003,0.018406332,44.14184
Day_2024_08_07_Wafer_05,8,5,24,31.319239,238.98792,3189.5977,43.962767,43.951346,0.0036147915,0.15076474,0.011421312,0.075755852,43.959995
Day_2024_08_07_Wafer_06,8,6,23,31.236092,229.45807,3193.6094,43.824091,43.900218,0.041557666,0.15358823,-0.076127232,-0.49565799,43.892919
Day_2024_08_07_Wafer_07,8,7,24,31.292028,237.67816,3187.6008,43.721773,43.723821,0.0079283753,0.15108839,-0.0020480658,-0.013555415,43.742282
Day_2024_08_07_Wafer_08,8,8,44,34.097359,233.11288,3131.4382,44.013281,43.956469,0.16732587,0.16259692,0.05681189,0.34940323,43.992962
Day_2024_08_07_Wafer_09,8,9,24,31.42618,246.00842,3181.6819,43.791833,43.389389,0.083668113,0.15666227,0.40244389,2.5688629,43.437737
Day_2024_08_07_Wafer_10,8,10,24,31.289864,236.76897,3191.3015,43.538147,43.260522,0.047187113,0.15400273,0.27762522,1.8027293,43.288521
Day_2024_08_21_Wafer_01,9,1,23,31.297926,225.02359,3186.4644,44.608464,44.711197,0.085719117,0.15681045,-0.10273302,-0.65514142,44.725182
Day_2024_08_21_Wafer_02,9,2,24,31.377098,232.34505,3188.0144,44.69556,44.450706,0.023711545,0.15226675,0.24485398,1.6080594,44.460404
Day_2024_08_21_Wafer_03,9,3,24,31.281347,234.19014,3186.1067,44.519191,44.3415,0.014198802,0.15155763,0.17769057,1.172429,44.352222
Day_2024_08_21_Wafer_04,9,4,24,31.421091,233.53398,3187.582,44.302969,44.164434,0.0064662835,0.15097877,0.13853501,0.91757941,44.17318
Day_2024_08_21_Wafer_05,9,5,24,31.30398,236.38745,3186.3928,44.099984,44.036304,0.002953847,0.15071509,0.063680665,0.42252348,44.045623
Day_2024_08_21_Wafer_06,9,6,39,31.500341,238.91141,3188.261,43.667702,43.804977,0.0066966081,0.15099604,-0.13727448,-0.90912637,43.810396
Day_2024_08_21_Wafer_07,9,7,24,31.419441,233.40813,3185.8972,43.83058,43.786413,0.008004293,0.15109408,0.044166331,0.29231013,43.79558
Day_2024_08_21_Wafer_08,9,8,24,31.48175,229.95442,3182.3496,43.746855,43.734831,0.021721153,0.15211865,0.012024345,0.07904583,43.745997
Day_2024_08_21_Wafer_10,9,10,24,31.293043,234.8094,3182.718,43.660257,43.437351,0.037339732,0.15327692,0.22290652,1.4542732,43.448325
Day_2024_08_22_Wafer_01,10,1,44,33.987911,237.10176,3141.8838,44.652412,44.767684,0.16437505,0.16239128,-0.11527173,-0.70983939,44.748255
Day_2024_08_22_Wafer_02,10,2,39,31.323568,240.98274,3192.0713,44.327309,44.304163,0.019139127,0.15192631,0.023146015,0.15235027,44.301838
Day_2024_08_22_Wafer_03,10,3,24,31.23506,234.21941,3181.3,44.4722,44.44108,0.037785613,0.15330986,0.031119696,0.20298561,44.43771
Day_2024_08_22_Wafer_04,10,4,24,31.476538,233.05334,3180.7473,44.244118,44.279028,0.013309428,0.15149117,-0.034910256,-0.23044417,44.276706
